date,BEV_Registrations,Total_Vehicle_Registrations,BEV_Share,Charging_Infrastructure,RHDI_per_head,CPI,Petrol_Price,PiCG_Amount_GBP,GT_Index,market_share,market_share_pct,bev_growth_rate,bev_growth_rate_annual,growth_acceleration,cumulative_bev,adoption_velocity,market_momentum,month,quarter,is_march,is_september,is_plate_month,policy_regime,policy_change,policy_introduction,policy_reduction,policy_removal,policy_stable,months_since_policy_change,pre_2016,policy_active,post_policy,real_income_index,income_growth,inflation_rate,high_inflation,fuel_cost_advantage,fuel_price_normalized,high_fuel_prices,economic_stress,year,time_trend,time_trend_squared,covid_period,interest_momentum,interest_volatility,high_interest
2011-01-31,54,424100,0.0001273284602688,0,5129.0,91.3,127.4,5000.0,-1.574770773452645,0.0001273284602688,0.01273284602688,,,,54,,,1,1,0,0,0,Medium_Grant,,0,0,0,0,0.0,1,1,0,5617.743702081051,,,0,-0.013600000000000001,-0.1359007207160942,0,0,2011,1,1,0,-1.574770773452645,,0
2011-02-28,36,360400,9.988901220865704e-05,0,5088.0,92.0,129.0,5000.0,-2.017974768939793,9.988901220865704e-05,0.009988901220865704,-0.33333333333333337,,,90,,,2,1,0,0,0,Medium_Grant,0.0,0,0,0,1,0.9198423127463863,1,1,0,5530.434782608695,-0.015541634524909531,,0,-0.013142857142857144,-0.0348378407573749,0,0,2011,2,4,0,-1.796372771196219,,0
2011-03-31,320,662000,0.0004833836858006,0,5047.0,92.2,132.25,5000.0,-1.7198076404579006,0.0004833836858006,0.04833836858006,7.888888888888889,,8.222222222222223,410,,,3,1,1,0,1,Medium_Grant,0.0,0,0,0,1,1.938239159001314,1,1,0,5473.969631236442,-0.01020989372297021,,0,-0.01221428571428572,0.17044613415877438,0,0,2011,3,9,0,-1.770851060950113,0.22596795898003225,0
2011-04-30,320,434400,0.0007366482504604,0,5063.3333,93.2,134.29,5000.0,-2.0179747689397924,0.0007366482504604,0.07366482504604001,0.0,,-7.888888888888889,730,,4.6538625048438815,4,2,0,0,0,Medium_Grant,0.0,0,0,0,1,2.923784494086728,1,1,0,5432.761051502146,-0.007528097981973625,,0,-0.011631428571428577,0.2993013061061414,0,0,2011,4,16,0,-1.9185857261124954,0.22205527259305613,0
2011-05-31,38,447300,8.495416946121172e-05,0,5079.6667,93.4,136.28,5000.0,-1.9952050944405493,8.495416946121172e-05,0.008495416946121171,-0.88125,,-0.88125,768,,4.162759177621486,5,2,0,0,0,Medium_Grant,0.0,0,0,0,1,3.9421813403416555,1,1,0,5438.615310492505,0.0010775844795787304,,0,-0.011062857142857145,0.42499826305479954,0,0,2011,5,25,0,-1.9109958346127476,0.20559039631203663,0
2011-06-30,218,479000,0.0004551148225469,0,5096.0,93.3,135.59,5000.0,-2.0395285727232,0.0004551148225469,0.045511482254690004,4.7368421052631575,,5.618092105263157,986,,3.857366184251824,6,2,0,0,0,Medium_Grant,0.0,0,0,0,1,4.92772667542707,1,1,0,5461.950696677385,0.004290685193317545,,0,-0.01126,0.38141489607260187,0,0,2011,6,36,0,-2.017569478701181,0.19718546356736907,0
2011-07-31,336,429200,0.0007828518173345,0,5093.3333,93.3,134.56,5000.0,-2.0622982472224427,0.0007828518173345,0.07828518173345,0.5412844036697249,,-4.195557701593433,1322,1.9920720107480732,3.522579655157863,7,3,0,0,0,Medium_Grant,0.0,0,0,0,1,5.946123521681997,1,1,0,5459.092497320472,-0.0005232927786499308,,0,-0.011554285714285711,0.316355667099176,0,0,2011,7,49,0,-2.032343971462064,0.12728603371957695,0
2011-08-31,36,357300,0.0001007556675062,0,5090.6667,93.8,135.47,5000.0,-2.0395285727232,0.0001007556675062,0.010075566750620001,-0.8928571428571429,,-1.4341415465268676,1358,1.5799392745187564,3.602942284470533,8,3,0,0,0,Medium_Grant,0.0,0,0,0,1,6.964520367936925,1,1,0,5427.15,-0.005851246766042317,,0,-0.011294285714285715,0.3738351800756976,0,0,2011,8,64,0,-2.047118464222948,0.12901806971936056,0
2011-09-30,38,629800,6.033661479834869e-05,0,5088.0,94.4,135.17,5000.0,-2.0395285727232,6.033661479834869e-05,0.006033661479834869,0.05555555555555558,,0.9484126984126985,1396,1.3893913096483566,2.1069305411049037,9,3,0,1,1,Medium_Grant,0.0,0,0,0,1,7.9500657030223385,1,1,0,5389.830508474576,-0.006876443718235814,,0,-0.011380000000000008,0.35488589008343696,0,0,2011,9,81,0,-2.047118464222948,0.022969041293524443,0
2011-10-31,218,431800,0.0005048633626679,0,5078.3333,94.5,134.67,5000.0,-2.0610823765066058,0.0005048633626679,0.05048633626679,4.7368421052631575,,4.681286549707602,1614,1.76133028693889,2.656067055321607,10,4,0,0,0,Medium_Grant,0.0,0,0,0,1,8.968462549277266,1,1,0,5373.897671957672,-0.0029560923097400327,,0,-0.011522857142857154,0.32330374009633706,0,0,2011,10,100,0,-2.0467131739843354,0.024280013432480308,0
2011-11-30,38,433100,8.773955206649734e-05,0,5068.6667,94.6,133.66,5000.0,-2.085067921721686,8.773955206649734e-05,0.008773955206649734,-0.8256880733944953,,-5.562530178657653,1652,1.5026284509055514,2.6466753012515984,11,4,0,0,0,Medium_Grant,0.0,0,0,0,1,9.95400788436268,1,1,0,5357.998625792812,-0.0029585688331628113,,0,-0.011811428571428577,0.25950779712239586,0,0,2011,11,121,0,-2.061892956983831,0.018498480408115442,0
2011-12-31,36,418900,8.59393650035808e-05,0,5059.0,95.1,132.55,5000.0,-2.059866505790769,8.59393650035808e-05,0.008593936500358081,-0.052631578947368474,,0.7730564944471269,1688,1.3612411754643767,2.1023906620091646,12,4,0,0,0,Medium_Grant,0.0,0,0,0,1,10.972404730617608,1,1,0,5319.663512092534,-0.0071547449668496466,,0,-0.012128571428571426,0.18939542415103502,0,0,2011,12,144,0,-2.068672268006354,0.017008549415489974,0
2012-01-31,26,424100,6.130629568497996e-05,0,5093.6667,94.6,133.24,5000.0,-1.820521029180506,6.130629568497996e-05,0.0061306295684979955,-0.2777777777777778,-0.5185185185185186,-0.22514619883040932,1714,1.2246562626941973,2.1328493369013337,1,1,0,0,0,Medium_Grant,0.0,0,0,0,1,11.990801576872535,1,1,0,5384.425687103594,0.012174111175235813,3.6144578313253017,0,-0.011931428571428572,0.23297879113323272,0,0,2012,13,169,0,-1.988485152230987,0.0980111630155346,0
2012-02-29,18,359000,5.013927576601672e-05,0,5128.3333,95.1,135.14,5000.0,-1.9952050944405493,5.013927576601672e-05,0.005013927576601672,-0.3076923076923077,-0.5,-0.02991452991452992,1732,1.2267930148309494,2.0712566407916877,2,1,0,0,0,Medium_Grant,0.0,0,0,0,1,12.943495400788436,1,1,0,5392.569190325973,0.0015124181659491587,3.3695652173912904,0,-0.011388571428571435,0.35299096108421085,0,0,2012,14,196,0,-1.9585308764706084,0.09769760204749926,0
2012-03-31,336,667900,0.0005030693217547,0,5163.0,95.4,138.41,5000.0,-1.9736512906571435,0.0005030693217547,0.05030693217547,17.666666666666668,0.050000000000000044,17.974358974358974,2068,2.041607829645764,7.243293605780369,3,1,1,0,1,Medium_Grant,0.0,0,0,0,1,13.961892247043364,1,1,0,5411.949685534591,0.003593926109169754,3.470715835141003,0,-0.010454285714285722,0.5595382219998448,1,0,2012,15,225,0,-1.9297924714260664,0.09744538734450713,0
2012-04-30,236,439300,0.0005372183018438,0,5174.3333,96.0,141.58,5000.0,-1.9736512906571435,0.0005372183018438,0.053721830184379996,-0.29761904761904767,-0.26249999999999996,-17.964285714285715,2304,2.016806242344177,7.360613870570903,4,2,0,0,0,Medium_Grant,0.0,0,0,0,1,14.947437582128778,1,1,0,5389.9305208333335,-0.004068619625217762,3.0042918454935563,0,-0.009548571428571427,0.7597690529180591,1,0,2012,16,256,0,-1.980835891918279,0.09277171269015505,0
2012-05-31,236,459000,0.0005141612200435,0,5185.6667,95.9,137.14,5000.0,-2.017974768939793,0.0005141612200435,0.05141612200435,0.0,5.2105263157894735,0.29761904761904767,2540,2.090243742344177,7.289995901950841,5,2,0,0,0,Medium_Grant,0.0,0,0,0,1,15.965834428383705,1,1,0,5407.368821689259,0.0032353479861237933,2.676659528907921,0,-0.010817142857142859,0.4793195610326104,1,0,2012,17,289,0,-1.9884257834180268,0.0816221758991972,0
2012-06-30,336,485600,0.0006919275123558,0,5197.0,95.5,132.82,5000.0,-2.0395285727232,0.0006919275123558,0.06919275123558,0.423728813559322,0.5412844036697249,0.423728813559322,2876,1.7308176347021906,7.255377372387022,6,2,0,0,0,Medium_Grant,0.0,0,0,0,1,16.95137976346912,1,1,0,5441.884816753926,0.006383140525983988,2.3579849946409492,0,-0.012051428571428581,0.2064497851440678,0,0,2012,18,324,0,-2.0103848774400457,0.07764235577409953,0
2012-07-31,236,441700,0.0005342992981661,0,5184.6667,95.6,131.61,5000.0,-2.0610823765066058,0.0005342992981661,0.05342992981661,-0.29761904761904767,-0.29761904761904767,-0.7213478611783697,3112,1.6609090137614595,7.257102176570205,7,3,0,0,0,Medium_Grant,0.0,0,0,0,1,17.969776609724047,1,1,0,5423.291527196652,-0.0034167003131031493,2.4651661307609762,0,-0.012397142857142857,0.13002098217528738,0,0,2012,19,361,0,-2.0395285727231998,0.03579410581885905,0
2012-08-31,54,357500,0.0001510489510489,0,5172.3333,96.1,135.12,5000.0,-2.016758898223956,0.0001510489510489,0.01510489510489,-0.771186440677966,0.5,-0.4735673930589184,3166,1.6710482389430579,7.299963551262815,8,3,0,0,0,Medium_Grant,0.0,0,0,0,1,18.988173455978973,1,1,0,5382.2406867846,-0.0075693589780654325,2.452025586353934,0,-0.011394285714285718,0.351727675084728,0,0,2012,20,400,0,-2.0391232824845873,0.035064512514097305,0
2012-09-30,54,655800,8.234217749313815e-05,0,5160.0,96.5,138.98,5000.0,-1.9520974868737369,8.234217749313815e-05,0.008234217749313816,0.0,0.42105263157894735,0.771186440677966,3220,1.6664186093134281,0.4008282153855046,9,3,0,1,1,Medium_Grant,0.0,0,0,0,1,19.97371879106439,1,1,0,5347.150259067357,-0.006519668992767791,2.2245762711864403,0,-0.010291428571428576,0.5955418729851383,1,0,2012,21,441,0,-2.009979587201433,0.04065551841261586,0
2012-10-31,436,449700,0.0009695352457193,0,5163.3333,97.0,138.06,5000.0,-1.6916867863691198,0.0009695352457193,0.09695352457193,7.074074074074074,1.0,7.074074074074074,3656,1.861187940047671,2.967042561539675,10,4,0,0,0,Medium_Grant,0.0,0,0,0,1,20.992115637319316,1,1,0,5323.024020618557,-0.004511980640134139,2.645502645502651,0,-0.010554285714285717,0.5374307170088752,1,0,2012,22,484,0,-1.8868477238222712,0.13792645262386727,0
2012-11-30,326,448100,0.0007275161794242,0,5166.6667,97.2,135.12,5000.0,-1.9724354199413063,0.0007275161794242,0.07275161794242,-0.2522935779816514,7.578947368421053,-7.326367652055726,3982,1.908970814665408,2.986985641191456,11,4,0,0,0,Medium_Grant,0.0,0,0,0,1,21.97766097240473,1,1,0,5315.5007201646085,-0.0014133508368189274,2.748414376321362,0,-0.011394285714285718,0.351727675084728,0,0,2012,23,529,0,-1.872073231061388,0.13554101311289374,0
2012-12-31,218,423100,0.0005152446230205,0,5170.0,97.6,132.29,5000.0,-1.993989223724713,0.0005152446230205,0.051524462302049996,-0.3312883435582822,5.055555555555555,-0.07899476557663077,4200,1.8857494176144989,3.033154109651715,12,4,0,0,0,Medium_Grant,0.0,0,0,0,1,22.996057818659658,1,1,0,5297.131147540984,-0.0034558498983809915,2.628811777076767,0,-0.012202857142857147,0.17297270615774188,0,0,2012,24,576,0,-1.8860371433450467,0.1311035932905475,0
2013-01-31,38,439300,8.650125199180514e-05,0,5158.3333,97.1,132.26,5000.0,-2.038312702007363,8.650125199180514e-05,0.008650125199180514,-0.8256880733944953,0.46153846153846145,-0.49439972983621316,4238,1.8400902263131054,3.082244909492958,1,1,0,0,0,Medium_Grant,0.0,0,0,0,1,24.014454664914584,1,1,0,5312.392687950567,0.0028810954428923896,2.6427061310782207,0,-0.012211428571428574,0.1710777771585158,0,0,2013,25,625,0,-2.001579115224461,0.12745469187565125,0
2013-02-28,54,363900,0.0001483924154987,0,5146.6667,97.8,136.32,5000.0,-1.8636286367473192,0.0001483924154987,0.01483924154987,0.42105263157894735,2.0,1.2467407049734427,4292,1.9008189712523766,2.996732625736272,2,1,0,0,0,Medium_Grant,0.0,0,0,0,1,24.93429697766097,1,1,0,5262.440388548058,-0.009402975709195904,2.8391167192429068,0,-0.011051428571428573,0.42752483505376704,0,0,2013,26,676,0,-1.9653101874931318,0.12533667218929478,0
2013-03-31,436,691000,0.0006309696092619,0,5135.0,98.1,138.54,5000.0,-1.8032656886214389,0.0006309696092619,0.06309696092619001,7.074074074074074,0.29761904761904767,6.6530214424951275,4728,1.0181029218696607,3.8014085572778282,3,1,1,0,1,Medium_Grant,0.0,0,0,0,1,25.952693823915897,1,1,0,5234.454638124364,-0.005318017565499877,2.8301886792452713,0,-0.010417142857142861,0.5677495809964905,1,0,2013,27,729,0,-1.9017356757920405,0.13195590921456374,0
2013-04-30,236,459100,0.0005140492267479,0,5160.6667,98.3,136.41,5000.0,-1.9952050944405493,0.0005140492267479,0.05140492267479,-0.45871559633027525,0.0,-7.53278967040435,4964,1.0046782094770583,3.03341198255158,4,2,0,0,0,Medium_Grant,0.0,0,0,0,1,26.938239159001313,1,1,0,5249.915259409969,0.002953625994387199,2.3958333333333304,0,-0.011025714285714291,0.43320962205144525,0,0,2013,28,784,0,-1.8873664732697695,0.09065175594143152,0
2013-05-31,636,476600,0.0013344523709609,0,5186.3333,98.5,133.34,5000.0,-1.856898432091307,0.0013344523709609,0.13344523709609002,1.694915254237288,1.694915254237288,2.153630850567563,5600,1.1459211473301656,2.9843821342757484,5,2,0,0,0,Medium_Grant,0.0,0,0,0,1,27.95663600525624,1,1,0,5265.312994923858,0.002932949343571023,2.711157455683,0,-0.011902857142857139,0.23929522113065235,0,0,2013,29,841,0,-1.8851230717177654,0.09565695530108169,0
2013-06-30,336,510500,0.0006581782566111,0,5212.0,98.3,134.33,5000.0,-1.8891554782166504,0.0006581782566111,0.06581782566111,-0.4716981132075472,0.0,-2.1666133674448353,5936,1.07130223676626,2.9998883041493563,6,2,0,0,0,Medium_Grant,0.0,0,0,0,1,28.942181340341655,1,1,0,5302.136317395728,0.006993567620266816,2.9319371727748678,0,-0.011619999999999998,0.3018278781051107,0,0,2013,30,900,0,-1.913753001582836,0.08998924016282936,0
2013-07-31,536,459100,0.001167501633631,0,5239.3333,98.3,135.01,5000.0,-1.8220623254347568,0.001167501633631,0.1167501633631,0.5952380952380953,1.2711864406779663,1.0669362084456426,6472,1.1457069986710218,2.8569796945395622,7,3,0,0,0,Medium_Grant,0.0,0,0,0,1,29.96057818659658,1,1,0,5329.942319430316,0.005244301611665447,2.8242677824267703,0,-0.011425714285714296,0.3447796020875652,0,0,2013,31,961,0,-1.8560387452475717,0.06780794799889867,0
2013-08-31,236,363100,0.0006499586890663,0,5266.6667,98.7,137.0,5000.0,-1.4566448840027082,0.0006499586890663,0.06499586890662999,-0.5597014925373134,3.3703703703703702,-1.1549395877754087,6708,1.1633307443494096,2.9557451774771124,8,3,0,0,0,Medium_Grant,0.0,0,0,0,1,30.97897503285151,1,1,0,5336.03515704154,0.0011431338738905339,2.7055150884495394,0,-0.010857142857142857,0.4704765590362233,1,0,2013,32,1024,0,-1.7226208958847053,0.18307995675221542,0
2013-09-30,536,698000,0.0007679083094555,0,5294.0,99.1,136.51,5000.0,-1.7185917697420636,0.0007679083094555,0.07679083094555,1.2711864406779663,8.925925925925926,1.8308879332152797,7244,1.26926294773924,0.9873348701824685,9,3,0,1,1,Medium_Grant,0.0,0,0,0,1,31.964520367936924,1,1,0,5342.0787083753785,0.0011325921130529437,2.694300518134707,0,-0.010997142857142858,0.43952605204886486,1,0,2013,33,1089,0,-1.6657663263931763,0.18636993036165098,0
2013-10-31,336,454900,0.0007386238733787,0,5315.6667,99.1,131.56,5000.0,-1.699795132928745,0.0007386238733787,0.07386238733787,-0.3731343283582089,-0.22935779816513757,-1.6443207690361752,7580,0.6486622475365499,0.9739253828709551,10,4,0,0,0,Medium_Grant,0.0,0,0,0,1,32.98291721419185,1,1,0,5363.94217961655,0.004092689837552177,2.1649484536082397,0,-0.012411428571428573,0.12686276717657669,0,0,2013,34,1156,0,-1.625010595557839,0.1581202321715013,0
2013-11-30,536,457800,0.0011708169506334,0,5337.3333,99.2,129.89,5000.0,-1.6527144876760076,0.0011708169506334,0.11708169506334,0.5952380952380953,0.6441717791411044,0.9683724235963043,8116,0.7192898869715286,0.7501029704076744,11,4,0,0,0,Medium_Grant,0.0,0,0,0,1,33.96846254927726,1,1,0,5380.376310483871,0.003063815812514248,2.0576131687242816,0,-0.01288857142857143,0.02137838621966204,0,0,2013,35,1225,0,-1.6903671301156056,0.14981942533015508,0
2013-12-31,336,451700,0.0007438565419526,0,5359.0,99.6,130.41,5000.0,-1.7509961349669396,0.0007438565419526,0.07438565419526,-0.3731343283582089,0.5412844036697249,-0.9683724235963043,8452,0.7158027215715349,0.7339825306235129,12,4,0,0,0,Medium_Grant,0.0,0,0,0,1,34.98685939553219,1,1,0,5380.522088353414,2.709436313197422e-05,2.049180327868849,0,-0.012740000000000001,0.05422382220624657,0,0,2013,36,1296,0,-1.7011685851905642,0.12463000842060523,0
2014-01-31,536,449200,0.0011932324131789,0,5355.3333,99.0,129.75,5000.0,-1.620635547989546,0.0011932324131789,0.11932324131789,0.5952380952380953,13.105263157894736,0.9683724235963043,8988,0.8342132356242508,0.7339825306235129,1,1,0,0,0,Medium_Grant,0.0,0,0,0,1,36.00525624178712,1,1,0,5409.427575757576,0.005372245839624146,1.9567456230690006,0,-0.012928571428571428,0.012535384223274935,0,0,2014,37,1369,0,-1.674782056877498,0.10548969740787448,0
2014-02-28,236,365600,0.0006455142231947,0,5351.6667,99.5,129.0,5000.0,-1.6958220952428205,0.0006455142231947,0.06455142231947,-0.5597014925373134,3.3703703703703702,-1.1549395877754087,9224,0.7524837252812291,0.7339825306235129,2,1,0,0,0,Medium_Grant,0.0,0,0,0,1,36.925098554533506,1,1,0,5378.5594974874375,-0.005706348377501946,1.7382413087934534,0,-0.013142857142857144,-0.0348378407573749,0,0,2014,38,1444,0,-1.689151259399769,0.04662434537659742,0
2014-03-31,1218,759600,0.0016034755134281,0,5348.0,99.7,128.97,5000.0,-1.7373884065553824,0.0016034755134281,0.16034755134281,4.161016949152542,1.7935779816513762,4.720718441689856,10442,0.5097289648711013,1.7825091118038325,3,1,1,0,1,Medium_Grant,0.0,0,0,0,1,37.943495400788436,1,1,0,5364.092276830491,-0.0026897946678297036,1.6309887869520923,0,-0.01315142857142857,-0.03673276975660096,0,0,2014,39,1521,0,-1.68461534992925,0.049492396896168335,0
2014-04-30,918,473200,0.0019399830938292,0,5341.6667,100.1,128.95,5000.0,-1.6770254584295017,0.0019399830938292,0.19399830938292,-0.24630541871921185,2.889830508474576,-4.407322367871754,11360,0.5274298130053566,1.7682997548658579,4,2,0,0,0,Medium_Grant,0.0,0,0,0,1,38.92904073587385,1,1,0,5336.330369630369,-0.005175508877808821,1.831129196337744,0,-0.01315714285714286,-0.037996055756085605,0,0,2014,40,1600,0,-1.7034119867425683,0.04972960786704044,0
2014-05-31,536,490000,0.0010938775510204,0,5335.3333,100.0,129.43,5000.0,-1.6782413291453386,0.0010938775510204,0.10938775510203999,-0.4161220043572985,-0.1572327044025157,-0.16981658563808666,11896,0.3515100414558077,1.8269853739783317,5,2,0,0,0,Medium_Grant,0.0,0,0,0,1,39.94743758212878,1,1,0,5335.3333,-0.00018684555889636467,1.522842639593902,0,-0.013020000000000004,-0.007677191768468564,0,0,2014,41,1681,0,-1.6975517313767412,0.047012176068967716,0
2014-06-30,936,523300,0.0017886489585323,0,5329.0,100.2,130.01,5000.0,-1.5802851073928204,0.0017886489585323,0.17886489585323,0.7462686567164178,1.7857142857142856,1.1623906610737165,12832,0.45300727228280485,1.773062157498023,6,2,0,0,0,Medium_Grant,0.0,0,0,0,1,40.93298291721419,1,1,0,5318.363273453094,-0.0031806872397093233,1.9328585961342792,0,-0.01285428571428572,0.028958102216566303,0,0,2014,42,1764,0,-1.6451839649892204,0.05595495443057827,0
2014-07-31,800,277000,0.0028880866425992,0,5327.3333,99.9,131.02,5000.0,-1.53182632023647,0.0028880866425992,0.28880866425992,-0.14529914529914534,0.4925373134328359,-0.8915678020155632,13632,0.3912958355713681,1.8083555257125559,7,3,0,0,0,Medium_Grant,0.0,0,0,0,1,41.95137976346912,1,1,0,5332.665965965966,0.002689303414880495,1.6276703967446737,0,-0.012565714285714284,0.0927540451905093,0,0,2014,43,1849,0,-1.59678425225821,0.0775750902847256,0
2014-08-31,500,173800,0.0028768699654775,0,5325.6667,100.2,129.17,5000.0,-1.6139053433335333,0.0028768699654775,0.28768699654775,-0.375,1.1186440677966103,-0.22970085470085466,14132,0.40668762661614427,1.786308092795229,8,3,0,0,0,Medium_Grant,0.0,0,0,0,1,42.96977660972404,1,1,0,5315.036626746507,-0.0033059147773314423,1.5197568389057725,0,-0.013094285714285718,-0.024099909761761726,0,0,2014,44,1936,0,-1.575338923654275,0.07508703733467141,0
2014-09-30,1500,528600,0.0028376844494892,0,5324.0,100.3,128.4,5000.0,-1.7494548387126885,0.0028376844494892,0.28376844494892,2.0,1.7985074626865671,2.375,15632,0.46742208989298034,0.9534184447996153,9,3,0,1,1,Medium_Grant,0.0,0,0,0,1,43.95532194480946,1,1,0,5308.075772681954,-0.0013096530754885816,1.2108980827447047,0,-0.013314285714285716,-0.0727364207418944,0,0,2014,45,2025,0,-1.6317288340942309,0.07841899493018158,0
2014-10-31,800,281600,0.002840909090909,0,5356.0,100.4,125.95,5000.0,-1.752212005682776,0.002840909090909,0.2840909090909,-0.4666666666666667,1.380952380952381,-2.466666666666667,16432,0.45962772836727556,0.9807038208936277,10,4,0,0,0,Medium_Grant,0.0,0,0,0,1,44.973718791064385,1,1,0,5334.661354581673,0.005008515898838883,1.31180625630678,0,-0.014014285714285715,-0.22748895567868405,0,0,2014,46,2116,0,-1.7051907292429995,0.0908386371243171,0
2014-11-30,1000,275400,0.0036310820624546,0,5388.0,100.1,122.92,5000.0,-1.6394321848028646,0.0036310820624546,0.36310820624546,0.25,0.8656716417910448,0.7166666666666667,17432,0.4308578870974343,0.9301664948182773,11,4,0,0,0,Medium_Grant,0.0,0,0,0,1,45.959264126149804,1,1,0,5382.617382617383,0.008989516831189759,0.9072580645161255,0,-0.014879999999999997,-0.4188767846005094,0,0,2014,47,2209,0,-1.7136996763994432,0.08988661570432371,0
2014-12-31,1700,267800,0.0063480209111277,0,5420.0,100.1,116.83,5000.0,-1.6958220952428205,0.0063480209111277,0.6348020911127701,0.7,4.059523809523809,0.44999999999999996,19132,0.5202857477939516,0.9262574244960826,12,4,0,0,0,Medium_Grant,0.0,0,0,0,1,46.97766097240473,1,1,0,5414.5854145854155,0.005939123979213257,0.5020080321285203,0,-0.016620000000000003,-0.8035473714433863,0,0,2014,48,2304,0,-1.6958220952428205,0.08564947687787262,0
2015-01-31,800,266700,0.0029996250468691,2410,5451.3333,99.3,108.27,5000.0,-1.5386427715058837,0.0029996250468691,0.29996250468691,-0.5294117647058824,0.4925373134328359,-1.2294117647058824,19932,0.4265649261319535,0.9773106678779878,1,1,0,0,0,Medium_Grant,0.0,0,0,0,1,47.99605781865966,1,1,0,5489.7616314199395,0.013884020858184298,0.3030303030302939,0,-0.01906571428571429,-1.3442337792225365,0,0,2015,49,2401,0,-1.6246323505171898,0.08356917449362838,0
2015-02-28,600,178800,0.0033557046979865,2529,5482.6667,99.5,107.0,5000.0,-1.689091890586808,0.0033557046979865,0.33557046979865,-0.25,1.542372881355932,0.27941176470588236,20532,0.4523733838433963,0.9622019686511887,2,1,0,0,0,Medium_Grant,0.0,0,0,0,1,48.91590013140604,1,1,0,5510.217788944723,0.0037262378402198593,0.0,0,-0.01942857142857143,-1.42445244018977,0,0,2015,50,2500,0,-1.6411855857785043,0.07994988733021992,0
2015-03-31,2300,595000,0.0038655462184873,2660,5514.0,99.7,110.8,5000.0,-1.5507852282375651,0.0038655462184873,0.38655462184873,2.8333333333333335,0.8883415435139572,3.0833333333333335,22832,0.34173308252512896,1.2702667934396454,3,1,1,0,1,Medium_Grant,0.0,0,0,0,1,49.93429697766097,1,1,0,5530.591775325977,0.003697492034186123,0.0,0,-0.018342857142857147,-1.184428100287811,0,0,2015,51,2601,0,-1.5928399634434192,0.08513282921381274,0
2015-04-30,800,287600,0.0027816411682892,2742,5554.3333,99.9,112.83,5000.0,-1.390909810016672,0.0027816411682892,0.27816411682892,-0.6521739130434783,-0.1285403050108932,-3.4855072463768115,23632,0.3079107079981067,1.298198693162985,4,2,0,0,0,Medium_Grant,0.0,0,0,0,1,50.91984231274638,1,1,0,5559.893193193193,0.005298061953865396,-0.19980019980019303,0,-0.017762857142857143,-1.0562045713401855,0,0,2015,52,2704,0,-1.5435956429470152,0.11581490085458712,0
2015-05-31,900,300200,0.002998001332445,2826,5594.6667,100.1,115.28,5000.0,-1.6287289424609273,0.002998001332445,0.2998001332445,0.125,0.6791044776119404,0.7771739130434783,24532,0.353004208361215,1.3019300713658224,5,2,0,0,0,Medium_Grant,0.0,0,0,0,1,51.93823915900131,1,1,0,5589.077622377622,0.005249098889194226,0.09999999999998899,0,-0.017062857142857143,-0.9014520364033958,0,0,2015,53,2809,0,-1.5234746602383884,0.11487101855382957,0
2015-06-30,1300,359900,0.0036121144762434,2907,5635.0,100.2,116.39,5000.0,-1.5547582659234898,0.0036121144762434,0.36121144762434,0.4444444444444444,0.38888888888888884,0.3194444444444444,25832,0.3278521906718838,1.2931698693961016,6,2,0,0,0,Medium_Grant,0.0,0,0,0,1,52.923784494086725,1,1,0,5623.75249500998,0.006204042057588621,0.0,0,-0.016745714285714287,-0.831339663432034,0,0,2015,54,2916,0,-1.5247990061336967,0.10053858304392173,0
2015-07-31,600,281000,0.0021352313167259,3020,5668.0,100.0,116.5,5000.0,-1.4876651131415968,0.0021352313167259,0.21352313167259,-0.5384615384615384,-0.25,-0.9829059829059829,26432,0.2950886579083511,1.294375385927404,7,3,0,0,0,Medium_Grant,0.0,0,0,0,1,53.942181340341655,1,1,0,5668.0,0.00786796805678791,0.10010010010008674,0,-0.016714285714285716,-0.8243915904348721,0,0,2015,55,3025,0,-1.557050773842005,0.10465443896232596,0
2015-08-31,700,181300,0.0038610038610038,3134,5701.0,100.3,114.12,5000.0,-1.6299448131767644,0.0038610038610038,0.38610038610038,0.16666666666666674,0.3999999999999999,0.7051282051282052,27132,0.34022754679724,1.2681372972614828,8,3,0,0,0,Medium_Grant,0.0,0,0,0,1,54.96057818659658,1,1,0,5683.9481555334,0.002813718336873494,0.09980039920158834,0,-0.017394285714285716,-0.9747226243734674,0,0,2015,56,3136,0,-1.5574560640806172,0.09084332443163043,0
2015-09-30,1900,565400,0.0033604527767951,3244,5734.0,100.2,110.4,5000.0,-1.3330396758085967,0.0033604527767951,0.33604527767951,1.7142857142857144,0.2666666666666666,1.5476190476190477,29032,0.31641802298771615,0.8521127867731141,9,3,0,1,1,Medium_Grant,0.0,0,0,0,1,55.946123521682,1,1,0,5722.554890219561,0.006792239061606642,-0.09970089730807485,0,-0.01845714285714286,-1.2096938202774905,0,0,2015,57,3249,0,-1.4835498673756529,0.12351459516251102,0
2015-10-31,1100,280300,0.0039243667499108,3386,5734.3333,100.3,108.74,5000.0,-1.3117502250774729,0.0039243667499108,0.39243667499108,-0.42105263157894735,0.375,-2.1353383458646618,30132,0.3202191925783594,0.8095035660371397,10,4,0,0,0,Medium_Grant,0.0,0,0,0,1,56.96452036793692,1,1,0,5717.181754735793,-0.0009389399642021345,-0.09960159362550902,0,-0.018931428571428575,-1.3145465582346627,0,0,2015,58,3364,0,-1.4249115713542784,0.14101993075141125,0
2015-11-30,1200,281800,0.0042583392476933,3525,5734.6667,100.3,107.19,5000.0,-1.565608827364959,0.0042583392476933,0.42583392476932996,0.09090909090909083,0.19999999999999996,0.5119617224880382,31332,0.30696161682078366,0.8106624118525986,11,4,0,0,0,Medium_Grant,0.0,0,0,0,1,57.95006570302234,1,1,0,5717.514157527417,5.8141022252655716e-05,0.19980019980019303,0,-0.019374285714285715,-1.4124512231946722,0,0,2015,59,3481,0,-1.4034662427503433,0.13066286257224516,0
2015-12-31,2300,283000,0.0081272084805653,3667,5735.0,100.3,103.8,5000.0,-1.3252157454090103,0.0081272084805653,0.81272084805653,0.9166666666666667,0.3529411764705883,0.8257575757575759,33632,0.32501717237633926,0.855819980341821,12,4,0,0,0,Medium_Grant,0.0,0,0,0,1,58.96846254927726,1,1,0,5717.846460618146,5.812020426598785e-05,0.19980019980019303,0,-0.020342857142857145,-1.6265782001072095,0,0,2015,60,3600,0,-1.400858265950481,0.13795895472005051,0
2016-01-31,900,272100,0.0033076074972436,3752,5722.0,99.5,101.78,5000.0,-1.329188783094935,0.0033076074972436,0.33076074972436004,-0.6086956521739131,0.125,-1.5253623188405798,34532,0.3184101817540033,0.8702927652253709,1,1,0,0,0,Medium_Grant,0.0,0,0,0,1,59.98685939553219,0,1,0,5750.753768844222,0.005755192702834089,0.20140986908359082,0,-0.02092,-1.7541700860550928,0,0,2016,61,3721,0,-1.4066711186229686,0.1426066774823657,0
2016-02-29,500,186400,0.0026824034334763,3830,5709.0,99.8,101.43,5000.0,-1.3345809720628474,0.0026824034334763,0.26824034334763,-0.4444444444444444,-0.16666666666666663,0.16425120772946866,35032,0.3022064780502996,0.9244672103294429,2,1,0,0,0,Medium_Grant,0.0,0,0,0,1,60.939553219448094,0,1,0,5720.440881763527,-0.005271115457058939,0.3015075376884502,0,-0.021020000000000004,-1.7762775910460624,0,0,2016,62,3844,0,-1.3296618335222645,0.09785374045680363,0
2016-03-31,2900,622100,0.0046616299630284,3913,5696.0,100.2,102.29,4500.0,-1.4606990572825211,0.0046616299630284,0.46616299630283997,4.8,0.26086956521739135,5.2444444444444445,37932,0.4660953669391885,2.073845095811288,3,1,1,0,1,Medium_Grant,-500.0,0,1,0,0,0.0,0,1,0,5684.630738522954,-0.0062600320466091874,0.5015045135406293,0,-0.020774285714285714,-1.7219562930682506,0,0,2016,63,3969,0,-1.3748229374801015,0.10285731730969119,0
2016-04-30,900,291100,0.0030917210580556,4074,5691.6667,100.2,105.86,4500.0,-1.3345348516649598,0.0030917210580556,0.30917210580556,-0.6896551724137931,0.125,-5.4896551724137925,38832,0.4629719286583289,2.1061086243871787,4,2,0,0,0,Medium_Grant,0.0,0,0,0,1,0.9855453350854139,0,1,0,5680.3060878243505,-0.0007607619382022923,0.30030030030030463,0,-0.019754285714285717,-1.4964597421603578,0,0,2016,64,4096,0,-1.3766049603367765,0.09986327952838384,0
2016-05-31,800,306200,0.0026126714565643,4244,5687.3333,100.4,108.69,4500.0,-1.3518973851080467,0.0026126714565643,0.26126714565643,-0.11111111111111116,-0.11111111111111116,0.578544061302682,39632,0.44329600273240305,2.118936972616683,5,2,0,0,0,Medium_Grant,0.0,0,0,0,1,2.0039421813403417,0,1,0,5664.674601593625,-0.002751873928806603,0.29970029970030065,0,-0.018945714285714288,-1.3177047732333724,0,0,2016,65,4225,0,-1.3823770980185095,0.052086007343192596,0
2016-06-30,1400,358400,0.00390625,4408,5683.0,100.6,111.02,4500.0,-1.3775664346573977,0.00390625,0.390625,0.75,0.07692307692307687,0.8611111111111112,41032,0.46875896569536596,2.1157343810553395,6,2,0,0,0,Medium_Grant,0.0,0,0,0,1,2.9894875164257555,0,1,0,5649.1053677932405,-0.0027484780495607986,0.39920159680637557,0,-0.018280000000000005,-1.170531954293487,0,0,2016,66,4356,0,-1.354666223810135,0.050246189323028115,0
2016-07-31,700,281500,0.0024866785079928,4515,5666.6667,100.6,111.79,4500.0,-1.682361685930796,0.0024866785079928,0.24866785079928003,-0.5,0.16666666666666674,-1.25,41732,0.47196409390049415,2.103580942074112,7,3,0,0,0,Medium_Grant,0.0,0,0,0,1,4.0078843626806835,0,1,0,5632.869483101392,-0.0028740629948970087,0.6000000000000005,0,-0.01806,-1.1218954433133528,0,0,2016,67,4489,0,-1.470608501898747,0.13524148179346954,0
2016-08-31,600,184700,0.0032485110990795,4620,5650.3333,100.9,110.03,4500.0,-1.497152484767697,0.0032485110990795,0.32485110990795,-0.1428571428571429,-0.1428571428571429,0.3571428571428571,42332,0.44617044310684334,2.0760775517814847,8,3,0,0,0,Medium_Grant,0.0,0,0,0,1,5.026281208935611,0,1,0,5599.9338949454905,-0.005847035557047464,0.5982053838484713,0,-0.018562857142857145,-1.2330646112679446,0,0,2016,68,4624,0,-1.5190268684519637,0.1300228964215479,0
2016-09-30,2700,572500,0.0047161572052401,4722,5634.0,101.1,111.23,4500.0,-1.565608827364959,0.0047161572052401,0.47161572052401,3.5,0.42105263157894735,3.642857142857143,45032,0.5949799669163672,1.5657747722425552,9,3,0,1,1,Medium_Grant,0.0,0,0,0,1,6.011826544021025,0,1,0,5572.700296735906,-0.0048631999449432195,0.8982035928143617,0,-0.01822,-1.1572674512989047,0,0,2016,69,4761,0,-1.5817076660211509,0.13841897702106934,0
2016-10-31,600,282000,0.002127659574468,4851,5622.0,101.2,113.79,4500.0,-1.3317627326066284,0.002127659574468,0.21276595744680002,-0.7777777777777778,-0.4545454545454546,-4.277777777777778,45632,0.565252871399798,1.5791585105931893,10,4,0,0,0,Medium_Grant,0.0,0,0,0,1,7.030223390275952,0,1,0,5555.335968379446,-0.0031159630756799617,0.8973080757726848,0,-0.01748857142857143,-0.9955668433649532,0,0,2016,70,4900,0,-1.4648413482464282,0.13895788491311326,0
2016-11-30,900,286600,0.0031402651779483,4977,5610.0,101.4,115.37,4500.0,-1.0780463383991614,0.0031402651779483,0.31402651779483,0.5,-0.25,1.2777777777777777,46532,0.599343780490707,1.5550177574283597,11,4,0,0,0,Medium_Grant,0.0,0,0,0,1,8.015768725361367,0,1,0,5532.544378698225,-0.0041026483026317395,1.0967098703888345,0,-0.017037142857142862,-0.8957672494057176,0,0,2016,71,5041,0,-1.3251392994569164,0.21094112203705878,0
2016-12-31,1800,280200,0.006423982869379,5107,5598.0,101.9,114.58,4500.0,-1.2606965421388108,0.006423982869379,0.6423982869379,1.0,-0.21739130434782605,0.5,48332,0.6062882249351516,1.5646109658936862,12,4,0,0,0,Medium_Grant,0.0,0,0,0,1,9.034165571616294,0,1,0,5493.621197252208,-0.007035313010028799,1.5952143569292199,0,-0.01726285714285715,-0.9456670463853358,0,0,2016,72,5184,0,-1.2235018710482006,0.22102861353964456,0
2017-01-31,1600,276500,0.0057866184448462,5237,5598.3333,101.4,118.61,4500.0,-0.8215065937159622,0.0057866184448462,0.57866184448462,-0.11111111111111116,0.7777777777777777,-1.1111111111111112,49932,0.6477536033570517,1.5174442672547823,1,1,0,0,0,Medium_Grant,0.0,0,0,0,1,10.052562417871222,0,1,0,5521.03875739645,0.004990799175952576,1.9095477386934734,0,-0.016111428571428575,-0.6911149174893106,0,0,2017,73,5329,0,-1.0534164914179784,0.2757417200924011,0
2017-02-28,1100,184500,0.0059620596205962,5355,5598.6667,102.1,120.16,4500.0,-0.5903766565493442,0.0059620596205962,0.59620596205962,-0.3125,1.2000000000000002,-0.20138888888888884,51032,0.658748973727422,1.5368820691066578,2,1,0,0,0,Medium_Grant,0.0,0,0,0,1,10.972404730617608,0,1,0,5483.512928501469,-0.006796878367265169,2.3046092184368705,0,-0.015668571428571434,-0.5932102525293012,0,0,2017,74,5476,0,-0.8908599308013727,0.3560060259992088,0
2017-03-31,3800,665600,0.0057091346153846,5486,5599.0,102.5,119.2,4500.0,-0.7947638815307945,0.0057091346153846,0.57091346153846,2.4545454545454546,0.31034482758620685,2.7670454545454546,54832,0.4632944282728766,1.1598639354002445,3,1,1,0,1,Medium_Grant,0.0,0,0,0,1,11.990801576872535,0,1,0,5462.4390243902435,-0.003843139313429944,2.2954091816367317,0,-0.015942857142857148,-0.6538479805045325,0,0,2017,75,5625,0,-0.7355490439320339,0.29099080099969304,0
2017-04-30,1200,252500,0.0047524752475247,5626,5631.0,102.9,117.41,4500.0,-0.738231763010819,0.0047524752475247,0.47524752475247,-0.6842105263157895,0.33333333333333326,-3.138755980861244,56032,0.4637481487810436,1.1403771259197613,4,2,0,0,0,Medium_Grant,0.0,0,0,0,1,12.976346911957949,0,1,0,5472.303206997084,0.0018058201771766758,2.6946107784431073,0,-0.01645428571428572,-0.7669120774583505,0,0,2017,76,5776,0,-0.7077907670303195,0.24446538065799378,0
2017-05-31,1500,288100,0.005206525511975,5771,5663.0,103.3,116.44,4500.0,-1.0942280163224118,0.005206525511975,0.5206525511975,0.25,0.875,0.9342105263157895,57532,0.49384074137363615,1.143819064773646,5,2,0,0,0,Medium_Grant,0.0,0,0,0,1,13.994743758212877,0,1,0,5482.090997095837,0.0017886052231605998,2.8884462151394397,0,-0.016731428571428578,-0.8281814484333243,0,0,2017,77,5929,0,-0.8757412202880088,0.24715368738551874,0
2017-06-30,2100,345800,0.0060728744939271,5911,5695.0,103.3,115.26,4500.0,-0.9155508502686872,0.0060728744939271,0.6072874493927101,0.3999999999999999,0.5,0.1499999999999999,59632,0.4646740747069695,1.1100409927675643,6,2,0,0,0,Medium_Grant,0.0,0,0,0,1,14.98028909329829,0,1,0,5513.068731848984,0.005650715168638465,2.6838966202783254,0,-0.017068571428571426,-0.9027153224028795,0,0,2017,78,6084,0,-0.9160035432006396,0.16981332836783208,0
2017-07-31,1400,263600,0.0053110773899848,6091,5700.0,103.2,113.87,4500.0,0.6369904860039731,0.0053110773899848,0.53110773899848,-0.33333333333333337,1.0,-0.7333333333333333,61032,0.47856296359585837,1.1313174157132537,7,3,0,0,0,Medium_Grant,0.0,0,0,0,1,15.99868593955322,0,1,0,5523.255813953488,0.0018478061130733359,2.5844930417495027,0,-0.017465714285714286,-0.9905136993670173,0,0,2017,79,6241,0,-0.45759612686237566,0.621178819923736,0
2017-08-31,1100,178800,0.006152125279642,6273,5705.0,103.8,115.69,4500.0,-0.4146240396729965,0.006152125279642,0.6152125279642,-0.2142857142857143,0.8333333333333333,0.11904761904761907,62132,0.47261058264347744,1.1214237483033713,8,3,0,0,0,Medium_Grant,0.0,0,0,0,1,17.017082785808146,0,1,0,5496.146435452794,-0.004908224318020293,2.874132804757168,0,-0.016945714285714286,-0.8755546734139741,0,0,2017,80,6400,0,-0.23106146797923718,0.6248769097730354,0
2017-09-30,2700,528600,0.0051078320090805,6448,5710.0,104.1,118.2,4500.0,-0.1848931906806097,0.0051078320090805,0.51078320090805,1.4545454545454546,0.0,1.668831168831169,64832,0.30215603718893197,0.7531848600983088,9,3,0,1,1,Medium_Grant,0.0,0,0,0,1,18.00262812089356,0,1,0,5485.110470701249,-0.0020079459092207097,2.9673590504450953,0,-0.016228571428571432,-0.7170122804787323,0,0,2017,81,6561,0,0.012491085216788683,0.6273607845485764,0
2017-10-31,1100,260700,0.0042194092827004,6701,5711.0,104.2,117.28,4500.0,-0.5356142889770403,0.0042194092827004,0.42194092827004,-0.5925925925925926,0.8333333333333333,-2.047138047138047,65932,0.317588135954364,0.7336767663871085,10,4,0,0,0,Medium_Grant,0.0,0,0,0,1,19.021024967148488,0,1,0,5480.806142034548,-0.0007847296220727662,2.964426877470361,0,-0.016491428571428574,-0.7751234364549963,0,0,2017,82,6724,0,-0.37837717311021574,0.6141708892128931,0
2017-11-30,1400,266300,0.0052572286894479,6948,5712.0,104.6,119.07,4500.0,-0.3876780469216775,0.0052572286894479,0.52572286894479,0.2727272727272727,0.5555555555555556,0.8653198653198653,67332,0.2986487420149701,0.7342882956464317,11,4,0,0,0,Medium_Grant,0.0,0,0,0,1,20.006570302233904,0,1,0,5460.803059273423,-0.00364966069639161,3.155818540433919,0,-0.015980000000000008,-0.6620593395011791,0,0,2017,83,6889,0,-0.3693951755264428,0.5189303399201748,0
2017-12-31,1700,253300,0.0067114093959731,7203,5713.0,104.9,119.91,4500.0,-0.7757840272590812,0.0067114093959731,0.6711409395973099,0.2142857142857142,-0.05555555555555558,-0.05844155844155852,69032,0.2331725515387796,0.7262465635338854,12,4,0,0,0,Medium_Grant,0.0,0,0,0,1,21.02496714848883,0,1,0,5446.139180171592,-0.002685297188465552,2.944062806673209,0,-0.015740000000000004,-0.6090013275228511,0,0,2017,84,7056,0,-0.5663587877192667,0.48799981746985194,0
2018-01-31,1100,265700,0.0041400075272864,7443,5734.3333,104.4,120.97,4500.0,-0.1471577089739529,0.0041400075272864,0.41400075272863995,-0.3529411764705882,-0.3125,-0.5672268907563024,70132,0.21302004609215652,0.728807272334132,1,1,0,0,0,Medium_Grant,0.0,0,0,0,1,22.043363994743757,0,1,0,5492.656417624521,0.00854132366324567,2.9585798816567976,0,-0.015437142857142858,-0.5420471695501992,0,0,2018,85,7225,0,-0.43687326105157087,0.2323023303867252,0
2018-02-28,900,182900,0.0049207217058501,7659,5755.6667,104.9,120.84,4500.0,-0.3893414881481916,0.0049207217058501,0.49207217058501,-0.18181818181818177,-0.18181818181818177,0.17112299465240643,71032,0.22391019760730804,0.725851722665444,2,1,0,0,0,Medium_Grant,0.0,0,0,0,1,22.963206307490143,0,1,0,5486.812869399428,-0.0010638838079044532,2.7424094025465307,0,-0.015474285714285711,-0.5502585285468449,0,0,2018,86,7396,0,-0.43742774146040886,0.23237927625884552,0
2018-03-31,3700,576200,0.0064213814647691,7898,5777.0,105.0,119.2,4500.0,-0.3999836580039971,0.0064213814647691,0.64213814647691,3.1111111111111107,-0.02631578947368418,3.2929292929292924,74732,0.27862400232111273,1.3631323988373616,3,1,1,0,1,Medium_Grant,0.0,0,0,0,1,23.98160315374507,0,1,0,5501.9047619047615,0.002750575400430222,2.4390243902439046,0,-0.015942857142857148,-0.6538479805045325,0,0,2018,87,7569,0,-0.3121609517087141,0.20714801717562908,0
2018-04-30,1600,269000,0.0059479553903345,8117,5763.0,105.4,120.72,4500.0,-0.926218194251762,0.0059479553903345,0.5947955390334501,-0.5675675675675675,0.33333333333333326,-3.6786786786786783,76332,0.2883442488834646,1.3594779801949406,4,2,0,0,0,Medium_Grant,0.0,0,0,0,1,24.967148488830485,0,1,0,5467.74193548387,-0.00620927258818349,2.4295432458697697,0,-0.015508571428571427,-0.5578382445437491,0,0,2018,88,7744,0,-0.5718477801346505,0.28877921405626716,0
2018-05-31,1700,294200,0.0057783820530251,8342,5749.0,105.8,125.28,4500.0,-0.7261905049807821,0.0057783820530251,0.5778382053025101,0.0625,0.1333333333333333,0.6300675675675675,78032,0.27271924888346455,1.3665984734213406,5,2,0,0,0,Medium_Grant,0.0,0,0,0,1,25.985545335085412,0,1,0,5433.8374291115315,-0.006200824174292019,2.420135527589551,0,-0.014205714285714294,-0.269809036661398,0,0,2018,89,7921,0,-0.684130785745514,0.2944358902339377,0
2018-06-30,2000,337200,0.0059311981020166,8560,5735.0,105.8,128.04,4500.0,-0.6415165861014073,0.0059311981020166,0.59311981020166,0.17647058823529416,-0.04761904761904767,0.11397058823529416,80032,0.2540917979030724,1.367607532367569,6,2,0,0,0,Medium_Grant,0.0,0,0,0,1,26.971090670170828,0,1,0,5420.604914933838,-0.0024352061228039013,2.420135527589551,0,-0.013417142857142864,-0.0954755687326072,0,0,2018,90,8100,0,-0.764641761777984,0.2795529680923264,0
2018-07-31,1400,266200,0.005259203606311,8892,5738.6667,105.8,127.2,4500.0,-0.5663300388481327,0.005259203606311,0.5259203606311,-0.30000000000000004,0.0,-0.4764705882352942,81432,0.25686957568085017,1.3621344243618383,7,3,0,0,0,Medium_Grant,0.0,0,0,0,1,27.989487516425754,0,1,0,5424.070604914934,0.0006393548387095827,2.519379844961245,0,-0.01365714285714286,-0.1485335807109343,0,0,2018,91,8281,0,-0.6446790433101076,0.20453532157306947,0
2018-08-31,1400,196300,0.0071319409067753,9229,5742.3333,106.5,128.6,4500.0,-0.5985311235068573,0.0071319409067753,0.7131940906775299,0.0,0.2727272727272727,0.30000000000000004,82832,0.2747267185379931,1.3490031385334433,8,3,0,0,0,Medium_Grant,0.0,0,0,0,1,29.00788436268068,0,1,0,5391.862253521127,-0.00593804058609082,2.6011560693641744,0,-0.013257142857142856,-0.06010356074705517,0,0,2018,92,8464,0,-0.6021259161521327,0.17552664398540768,0
2018-09-30,3000,441900,0.0067888662593346,9554,5746.0,106.6,130.3,4500.0,0.2008672948385215,0.0067888662593346,0.67888662593346,1.1428571428571428,0.11111111111111116,1.1428571428571428,85832,0.24875269256396706,0.5846753387333548,9,3,0,1,1,Medium_Grant,0.0,0,0,0,1,29.993429697766096,0,1,0,5390.243902439025,-0.0003001469633325815,2.401536983669539,0,-0.012771428571428572,0.04727574920908553,0,0,2018,93,8649,0,-0.3213312891721565,0.38654547232877284,0
2018-10-31,2100,256700,0.008180755746007,9808,5769.0,106.7,130.51,4500.0,0.3364116791981639,0.008180755746007,0.8180755746007,-0.30000000000000004,0.9090909090909092,-1.4428571428571428,87932,0.2731354086133498,0.5327841590439473,10,4,0,0,0,Medium_Grant,0.0,0,0,0,1,31.011826544021023,0,1,0,5406.747891283974,0.0030618259848096407,2.399232245681371,0,-0.012711428571428575,0.06054025220366619,0,0,2018,94,8836,0,-0.020417383156724273,0.4707135013495607,0
2018-11-30,2300,261800,0.008785332314744,10050,5792.0,107.0,128.06,3500.0,-0.3675233313125023,0.008785332314744,0.8785332314744,0.09523809523809534,0.6428571428571428,0.3952380952380954,90232,0.258344643822585,0.5321181005576385,11,4,0,0,0,Medium_Grant,-1000.0,0,1,0,0,0.0,0,1,0,5413.084112149533,0.0011719098047411336,2.294455066921608,0,-0.013411428571428574,-0.09421228273312254,0,0,2018,95,9025,0,0.05658521424139409,0.43189921275342547,0
2018-12-31,2600,245900,0.0105734038226921,10301,5815.0,107.1,121.7,3500.0,-0.6361243971334948,0.0105734038226921,1.05734038226921,0.13043478260869557,0.5294117647058822,0.03519668737060022,92832,0.25135706618283343,0.5317454737292654,12,4,0,0,0,Medium_Grant,0.0,0,0,0,1,1.0183968462549278,0,1,0,5429.505135387489,0.0030335799144702857,2.0972354623450817,0,-0.015228571428571432,-0.4959372305690331,0,0,2018,96,9216,0,-0.22241201641594466,0.4309831042800798,0
2019-01-31,2200,263700,0.0083428138035646,10761,5807.3333,106.3,119.55,3500.0,-0.1122656408507846,0.0083428138035646,0.8342813803564599,-0.15384615384615385,1.0,-0.2842809364548494,95032,0.267948318068203,0.5111621111317375,1,1,0,0,0,Medium_Grant,0.0,0,0,0,1,2.0367936925098555,0,1,0,5463.154562558796,0.006197512725790277,1.8199233716474916,0,-0.015842857142857145,-0.6317404755135629,0,0,2019,97,9409,0,-0.37197112309892755,0.40820046689926287,0
2019-02-28,1600,184500,0.0086720867208672,11182,5799.6667,106.8,119.09,3500.0,0.1616464783442322,0.0086720867208672,0.86720867208672,-0.2727272727272727,0.7777777777777777,-0.11888111888111885,96632,0.2603725604924454,0.5388079563560483,2,1,0,0,0,Medium_Grant,0.0,0,0,0,1,2.9566360052562417,0,1,0,5430.399531835205,-0.00599562585105573,1.8112488083889433,0,-0.01597428571428571,-0.6607960535016945,0,0,2019,98,9604,0,-0.1955811865466827,0.37496705810651326,0
2019-03-31,4900,562400,0.0087126600284495,11649,5792.0,107.0,120.28,3500.0,0.2584068924886699,0.0087126600284495,0.87126600284495,2.0625,0.32432432432432434,2.3352272727272725,101532,0.17298830123318618,0.9012886818999831,3,1,1,0,1,Medium_Grant,0.0,0,0,0,1,3.9750328515111693,0,1,0,5413.084112149533,-0.0031886087909668293,1.904761904761898,0,-0.01563428571428571,-0.5856305365323969,0,0,2019,99,9801,0,0.10259590999403888,0.38389422936888556,0
2019-04-30,2500,263800,0.0094768764215314,12296,5817.6667,107.6,124.06,3500.0,0.4841446406873754,0.0094768764215314,0.94768764215314,-0.4897959183673469,0.5625,-2.552295918367347,104032,0.1794692719998712,0.927825177621481,4,2,0,0,0,Medium_Grant,0.0,0,0,0,1,4.9605781865965834,0,1,0,5406.75343866171,-0.001169513230657948,2.0872865275142205,0,-0.014554285714285721,-0.3468694826299217,0,0,2019,100,10000,0,0.30139933717342554,0.4176506663476351,0
2019-05-31,3100,285900,0.0108429520811472,12971,5843.3333,107.9,128.28,3500.0,0.8483773797132313,0.0108429520811472,1.08429520811472,0.24,0.8235294117647058,0.7297959183673469,107132,0.1942609386665379,0.9255419897607209,5,2,0,0,0,Medium_Grant,0.0,0,0,0,1,5.978975032851511,0,1,0,5415.508155699722,0.0016192188412755826,1.9848771266540721,0,-0.013348571428571432,-0.08031613673879867,0,0,2019,101,10201,0,0.5303096376297586,0.5091634386637609,0
2019-06-30,4000,326400,0.0122549019607843,13624,5869.0,107.9,128.16,3500.0,0.809364954804606,0.0122549019607843,1.22549019607843,0.29032258064516125,1.0,0.05032258064516126,111132,0.20374860470069348,0.9236153299117901,6,2,0,0,0,Medium_Grant,0.0,0,0,0,1,6.964520367936925,0,1,0,5439.295644114921,0.004392475780903959,1.9848771266540721,0,-0.01338285714285714,-0.08789585273570293,0,0,2019,102,10404,0,0.7139623250684041,0.3780391765072009,0
2019-07-31,3200,259500,0.0123314065510597,14125,5866.3333,107.9,127.26,3500.0,0.7933254849613751,0.0123314065510597,1.2331406551059698,-0.19999999999999996,1.2857142857142856,-0.4903225806451612,114332,0.21208193803402683,0.9281265331669898,7,3,0,0,0,Medium_Grant,0.0,0,0,0,1,7.982917214191852,0,1,0,5436.824189063948,-0.0004543704208552768,1.9848771266540721,0,-0.013640000000000006,-0.1447437227124822,0,0,2019,103,10609,0,0.8170226064930706,0.3017215294290748,0
2019-08-31,6500,195400,0.033265097236438,14621,5863.6667,108.4,128.28,3500.0,0.7622843095518685,0.033265097236438,3.3265097236438,1.03125,3.6428571428571432,1.23125,120832,0.2980194380340268,0.9278117768725576,8,3,0,0,0,Medium_Grant,0.0,0,0,0,1,9.00131406044678,0,1,0,5409.286623616235,-0.005065009367620221,1.7840375586854584,0,-0.013348571428571432,-0.08031613673879867,0,0,2019,104,10816,0,0.7883249164392829,0.23589532702781615,0
2019-09-30,9900,446600,0.022167487684729,15100,5861.0,108.5,127.25,3500.0,0.653497589465638,0.022167487684729,2.2167487684729,0.523076923076923,2.3,-0.508173076923077,130732,0.24637108638567518,0.5356498579621877,9,3,0,1,1,Medium_Grant,0.0,0,0,0,1,9.986859395532194,0,1,0,5401.843317972351,-0.0013760235243198693,1.7823639774859235,0,-0.013642857142857144,-0.1453753657122245,0,0,2019,105,11025,0,0.7363691279929602,0.13529349510468577,0
2019-10-31,5400,246600,0.0218978102189781,15569,5876.6667,108.3,126.49,3500.0,1.017597961480205,0.0218978102189781,2.1897810218978098,-0.4545454545454546,1.5714285714285716,-0.9776223776223776,136132,0.23349229850688727,0.5262544129583667,10,4,0,0,0,Medium_Grant,0.0,0,0,0,1,11.005256241787121,0,1,0,5426.285041551247,0.004524700577222651,1.4995313964386137,0,-0.013860000000000004,-0.19338023369261667,0,0,2019,106,11236,0,0.8111266201659036,0.11959795683361701,0
2019-11-30,7600,260500,0.0291746641074856,16022,5892.3333,108.5,125.51,3500.0,0.8133529445787745,0.0291746641074856,2.91746641074856,0.40740740740740744,2.3043478260869565,0.861952861952862,143732,0.25950640785432993,0.5307777540540971,11,4,0,0,0,Medium_Grant,0.0,0,0,0,1,11.990801576872535,0,1,0,5430.721935483872,0.0008176669486859023,1.4018691588784993,0,-0.01414,-0.2552812476673318,0,0,2019,107,11449,0,0.8281494985082055,0.11843795470653706,0
2019-12-31,8200,251300,0.0326303223239156,16490,5908.0,108.5,124.6,3500.0,0.8723578139087986,0.0326303223239156,3.2630322323915597,0.07894736842105265,2.1538461538461537,-0.3284600389863548,151932,0.2552157900053597,0.5358511238779919,12,4,0,0,0,Medium_Grant,0.0,0,0,0,1,13.009198423127463,0,1,0,5445.1612903225805,0.0026588278704462454,1.3071895424836555,0,-0.014400000000000003,-0.3127607606438543,0,0,2019,108,11664,0,0.9011029066559257,0.12131494209800273,0
2020-01-31,6800,252100,0.0269734232447441,16980,5882.3333,108.2,126.94,3500.0,1.9967220343878564,0.0269734232447441,2.69734232447441,-0.1707317073170732,2.090909090909091,-0.24967907573812587,158732,0.2538086605494498,0.5312561337241631,1,1,0,0,0,Medium_Grant,0.0,0,0,0,1,14.027595269382392,0,1,0,5436.537245841035,-0.0015837996381985464,1.7873941674506177,0,-0.013731428571428575,-0.1649562987042266,0,0,2020,109,11881,0,1.2274775976251429,0.4938079372781621,1
2020-02-29,5500,182100,0.0302031850631521,17440,5856.6667,108.6,124.46,3500.0,3.750409544626759,0.0302031850631521,3.02031850631521,-0.19117647058823528,2.4375,-0.02044476327116207,164232,0.26060456072770294,0.37733950850548137,2,1,0,0,0,Medium_Grant,0.0,0,0,0,1,14.98028909329829,0,1,0,5392.879097605894,-0.008030506600233411,1.6853932584269593,0,-0.014440000000000001,-0.32160376264024226,0,0,2020,110,12100,0,2.2064964643078047,1.1936475471572836,1
2020-03-31,16300,357400,0.0456071628427532,17931,5831.0,108.6,119.42,3000.0,0.149910582744853,0.0456071628427532,4.56071628427532,1.9636363636363638,2.326530612244898,2.1548128342245993,180532,0.2523659243640666,0.8781400551643634,3,1,1,0,1,Medium_Grant,-500.0,0,1,0,0,0.0,0,1,0,5369.244935543278,-0.004382475786098627,1.495327102803734,0,-0.015880000000000005,-0.6399518345102087,0,0,2020,111,12321,1,1.965680720586489,1.2810408306428016,0
2020-04-30,33500,104200,0.3214971209213051,18048,5801.6667,108.5,109.0,3000.0,-0.8898407913409615,0.3214971209213051,32.149712092130514,1.0552147239263805,12.4,-0.9084216397099834,214032,0.38111681122187724,0.8438645705289729,4,2,0,0,0,Medium_Grant,0.0,0,0,0,1,0.9855453350854139,0,1,0,5347.158248847926,-0.004113555436657923,0.8364312267657992,0,-0.018857142857142857,-1.2981238402413704,0,0,2020,112,12544,1,1.0034931120102166,1.601465963350895,0
2020-05-31,14400,120600,0.1194029850746268,18157,5772.3333,108.5,106.24,3000.0,-0.2652938204629151,0.1194029850746268,11.94029850746268,-0.5701492537313433,3.645161290322581,-1.6253639776577238,228432,0.3136043734109319,0.9575601776108225,5,2,0,0,0,Medium_Grant,0.0,0,0,0,1,2.0039421813403417,0,1,0,5320.122857142857,-0.005056029847422927,0.556070435588496,0,-0.019645714285714287,-1.4724573081701622,0,0,2020,113,12769,1,-0.33507467635300814,1.699695275971923,0
2020-06-30,15000,246700,0.060802594244021,18262,5743.0,108.6,106.54,3000.0,0.6522514336030188,0.060802594244021,6.0802594244021,0.04166666666666674,2.75,0.61181592039801,243432,0.29288304724605735,0.9598742312902883,6,2,0,0,0,Medium_Grant,0.0,0,0,0,1,2.9894875164257555,0,1,0,5288.2136279926335,-0.0059978368934435755,0.6487488415199083,0,-0.019559999999999998,-1.4535080181779014,0,0,2020,114,12996,1,-0.1676277260669529,1.7037066260922211,0
2020-07-31,12800,277300,0.0461593941579516,18663,5788.0,109.1,111.39,3000.0,1.1154068641331905,0.0461593941579516,4.61593941579516,-0.1466666666666666,3.0,-0.18833333333333335,256232,0.2973274916905018,0.9572861793226805,7,3,0,0,0,Medium_Grant,0.0,0,0,0,1,4.0078843626806835,0,1,0,5305.224564619615,0.0032167642655236417,1.1121408711770142,0,-0.018174285714285712,-1.147161163303033,0,0,2020,115,13225,1,0.5007881590910978,1.6263771746842661,0
2020-08-31,11600,190300,0.0609563846558066,19075,5833.0,108.6,113.1,3000.0,1.172824316811076,0.0609563846558066,6.0956384655806595,-0.09375,0.7846153846153847,0.05291666666666661,267832,0.2035774916905018,0.9468620240223465,8,3,0,0,0,Medium_Grant,0.0,0,0,0,1,5.026281208935611,0,1,0,5371.086556169429,0.012414553002910722,0.18450184501843658,0,-0.01768571428571429,-1.0391502103471517,0,0,2020,116,13456,1,0.9801608715157615,0.8130864176015595,0
2020-09-30,28600,431800,0.0662343677628531,19474,5878.0,109.1,113.32,3000.0,0.9808699589037208,0.0662343677628531,6.623436776285311,1.4655172413793105,1.8888888888888888,1.5592672413793105,296432,0.28211418488236745,0.7882688686482568,9,3,0,1,1,Medium_Grant,0.0,0,0,0,1,6.011826544021025,0,1,0,5387.717690192484,0.0030964189180588964,0.5529953917050578,0,-0.01762285714285715,-1.0252540643528278,0,0,2020,117,13689,1,1.0897003799493288,0.8478275338922864,0
2020-10-31,15700,242600,0.0647155812036273,19907,5886.6667,109.1,113.19,3000.0,0.5363540050186045,0.0647155812036273,6.47155812036273,-0.45104895104895104,1.9074074074074074,-1.9165661924282615,312132,0.28240556017374274,0.73460761026809,10,4,0,0,0,Medium_Grant,0.0,0,0,0,1,7.030223390275952,0,1,0,5395.661503208066,0.0014744300782578712,0.7386888273314796,0,-0.017660000000000002,-1.0334654233494736,0,0,2020,118,13924,1,0.8966827602444667,0.5358835944248005,0
2020-11-30,18800,216500,0.0868360277136258,20327,5895.3333,108.9,112.6,3000.0,1.684983075853269,0.0868360277136258,8.68360277136258,0.197452229299363,1.473684210526316,0.648501180348314,330932,0.26490929533140567,0.6709879072370957,11,4,0,0,0,Medium_Grant,0.0,0,0,0,1,8.015768725361367,0,1,0,5413.529201101928,0.0033114934810567487,0.36866359447005337,0,-0.017828571428571437,-1.0707323603342516,0,0,2020,119,14161,1,1.0674023465918643,0.4111588612607911,1
2020-12-31,38100,234800,0.1622657580919931,20761,5904.0,109.2,114.08,3000.0,1.029374866457959,0.1622657580919931,16.22657580919931,1.0265957446808511,3.6463414634146343,0.8291435153814881,369032,0.3438799933530556,0.7495294506290567,12,4,0,0,0,Medium_Grant,0.0,0,0,0,1,9.034165571616294,0,1,0,5406.593406593406,-0.0012811964710766066,0.6451612903225934,0,-0.017405714285714288,-0.9772491963724357,0,0,2020,120,14400,1,1.0835706491099437,0.36974341877114225,0
2021-01-31,12900,192400,0.067047817047817,21447,5911.6667,109.0,116.64,3000.0,1.1501366610685824,0.067047817047817,6.704781704781699,-0.6614173228346456,0.8970588235294117,-1.6880130675154967,381932,0.3029895253932579,0.839477623758642,1,1,0,0,0,Medium_Grant,0.0,0,0,0,1,10.052562417871222,0,1,0,5423.54743119266,0.003135805362870059,0.7393715341959206,0,-0.01667428571428571,-0.8155485884384841,0,0,2021,121,14641,1,1.28816486779327,0.370554869678095,0
2021-02-28,10000,154400,0.0647668393782383,22074,5919.3333,109.1,120.15,3000.0,2.259900626094154,0.0647668393782383,6.47668393782383,-0.22480620155038755,0.8181818181818181,0.43661112128425805,391932,0.30018704781307853,0.8517394250590805,2,1,0,0,0,Medium_Grant,0.0,0,0,0,1,10.972404730617608,0,1,0,5425.603391384052,0.00037908033763423,0.4604051565377576,0,-0.015671428571428572,-0.5938418955290425,0,0,2021,122,14884,1,1.479804051206898,0.6076407830389426,1
2021-03-31,29700,387100,0.076724360630328,22768,5927.0,109.4,123.74,2500.0,1.85256627368386,0.076724360630328,7.672436063032801,1.9700000000000002,0.8220858895705521,2.1948062015503877,421632,0.3007173508433815,1.0090232428735686,3,1,1,0,1,Low_Grant,-500.0,0,1,0,0,0.0,0,1,0,5417.733089579524,-0.0014505855361683917,0.7366482504604255,0,-0.01464571428571429,-0.36708205862166604,0,0,2021,123,15129,1,1.7542011869488652,0.627534809769077,1
2021-04-30,15600,243300,0.064118372379778,23295,5935.3333,110.1,125.48,2500.0,2.259819490500266,0.064118372379778,6.4118372379777995,-0.4747474747474747,-0.5343283582089553,-2.4447474747474747,437232,0.1732205009538936,1.012635525864366,4,2,0,0,0,Low_Grant,0.0,0,0,0,1,0.9855453350854139,0,1,0,5390.85676657584,-0.004960806034423837,1.474654377880169,0,-0.014148571428571427,-0.25717617666655784,0,0,2021,124,15376,1,2.1240954634260927,0.529575459510334,1
2021-05-31,21300,257800,0.082622187742436,23834,5943.6667,110.8,127.17,2500.0,2.2344147940031984,0.082622187742436,8.2622187742436,0.3653846153846154,0.47916666666666674,0.8401320901320901,458532,0.2511816567135568,1.0113714317084561,5,2,0,0,0,Low_Grant,0.0,0,0,0,1,2.0039421813403417,0,1,0,5364.32012635379,-0.004922527414673916,2.1198156682027625,0,-0.013665714285714288,-0.1504285097101604,0,0,2021,125,15625,1,2.115600186062441,0.5710649263060645,1
2021-06-30,30400,288000,0.1055555555555555,24357,5952.0,111.3,129.75,2500.0,2.655815584742901,0.1055555555555555,10.55555555555555,0.42723004694835676,1.0266666666666668,0.06184543156374134,488932,0.28331193840369767,0.9573811297900758,6,2,0,0,0,Low_Grant,0.0,0,0,0,1,2.9894875164257555,0,1,0,5347.708894878706,-0.003096614497982153,2.4861878453038777,0,-0.012928571428571428,0.012535384223274935,0,0,2021,126,15876,1,2.3833499564154548,0.5168602911582748,1
2021-07-31,19800,225600,0.0877659574468085,24880,5929.0,111.3,132.71,2500.0,3.154046300854636,0.0877659574468085,8.77659574468085,-0.3486842105263158,0.546875,-0.7759142574746726,508732,0.2664771430820602,0.9060449378641476,7,3,0,0,0,Low_Grant,0.0,0,0,0,1,4.0078843626806835,0,1,0,5327.044025157234,-0.003864247311827773,2.016498625114571,0,-0.012082857142857138,0.1995017121469068,0,0,2021,127,16129,0,2.6814255598669114,0.44729459412079386,1
2021-08-31,17900,170100,0.1052322163433274,25404,5906.0,112.1,134.6,2500.0,3.266780001336659,0.1052322163433274,10.52322163433274,-0.09595959595959591,0.5431034482758621,0.2527246145667199,526632,0.2662930100854272,0.8929568984271011,8,3,0,0,0,Low_Grant,0.0,0,0,0,1,5.026281208935611,0,1,0,5268.510258697592,-0.010988038804112255,3.222836095764281,0,-0.011542857142857146,0.3188822390981435,0,0,2021,128,16384,0,3.0255472956447313,0.5581245957546364,1
2021-09-30,47700,318300,0.1498586239396795,25910,5883.0,112.4,134.89,2500.0,3.9156379429682,0.1498586239396795,14.985862393967949,1.6648044692737431,0.6678321678321679,1.7607640652333392,574332,0.28290027907662996,0.7809640828925831,9,3,0,1,1,Low_Grant,0.0,0,0,0,1,6.011826544021025,0,1,0,5233.985765124555,-0.006552989721533065,3.024747937671868,0,-0.011460000000000012,0.3371998860906609,0,0,2021,129,16641,0,3.4454880817198315,0.6544923001425617,1
2021-10-31,30800,209400,0.1470869149952244,26725,5843.6667,113.6,138.64,2500.0,4.953192058703422,0.1470869149952244,14.70869149952244,-0.3542976939203354,0.9617834394904459,-2.0191021631940784,605132,0.2909628838373479,0.7596705146576875,10,4,0,0,0,Low_Grant,0.0,0,0,0,1,7.030223390275952,0,1,0,5144.0727992957745,-0.017178679855779144,4.124656278643446,1,-0.010388571428571435,0.5740660109939101,1,0,2021,130,16900,0,4.045203334336093,0.9654898432626182,1
2021-11-30,39900,219500,0.1817767653758542,27524,5804.3333,114.5,145.78,2500.0,4.439333544900272,0.1817767653758542,18.17767653758542,0.2954545454545454,1.122340425531915,0.6497522393748808,645032,0.2991297435169465,0.7585681303526707,11,4,0,0,0,Low_Grant,0.0,0,0,0,1,8.015768725361367,0,1,0,5069.28672489083,-0.014538300160756523,5.1423324150596805,1,-0.008348571428571434,1.0250591128096975,1,1,2021,131,17161,0,4.436054515523964,0.8641733710626586,1
2021-12-31,52500,211400,0.2483443708609271,28348,5765.0,115.1,145.8,1500.0,2.322792286496702,0.2483443708609271,24.83443708609271,0.3157894736842106,0.3779527559055118,0.020334928229665206,697532,0.23989588760055977,0.7551510097115047,12,4,0,0,0,Low_Grant,-1000.0,0,1,0,0,0.0,0,1,0,5008.68809730669,-0.011954073792392328,5.402930402930406,1,-0.008342857142857138,1.026322398809182,1,1,2021,132,17424,0,3.905105963366798,0.9531409991678788,1
2022-01-31,26600,218200,0.1219065077910174,29013,5755.3333,114.9,145.05,1500.0,4.381631676062347,0.1219065077910174,12.19065077910174,-0.4933333333333333,1.062015503875969,-0.8091228070175439,724132,0.25390288672566913,0.7798456067320688,1,1,0,0,0,Low_Grant,0.0,0,0,0,1,1.0183968462549278,0,1,0,5008.993298520452,6.093436201926039e-05,5.412844036697262,1,-0.008557142857142853,0.9789491738285323,1,1,2022,133,17689,0,3.7145858358197734,0.9506244446471963,1
2022-02-28,27300,161700,0.1688311688311688,29609,5745.6667,115.8,147.57,1500.0,4.016574675364713,0.1688311688311688,16.88311688311688,0.026315789473684292,1.73,0.5196491228070176,751432,0.27482971931100847,0.7714245675486376,2,1,0,0,0,Low_Grant,0.0,0,0,0,1,1.938239159001314,0,1,0,4961.715630397237,-0.009438556872731318,6.141154903758017,1,-0.007837142857142862,1.1381232097635146,1,1,2022,134,17956,0,3.5736662126412533,0.9019431747682386,1
2022-03-31,55200,347200,0.1589861751152073,30269,5736.0,117.1,160.23,1500.0,6.130141036336369,0.1589861751152073,15.89861751152073,1.021978021978022,0.8585858585858586,0.9956622325043376,806632,0.1958278878091769,0.546111191812102,3,1,1,0,1,Low_Grant,0.0,0,0,0,1,2.9566360052562417,0,1,0,4898.377455166525,-0.01276537793554311,7.038391224862872,1,-0.0042200000000000085,1.9377832474368835,1,1,2022,135,18225,0,4.8427824625878095,1.2457148488230678,1
2022-04-30,23500,221700,0.105999097880018,30838,5712.0,120.0,161.8,1500.0,4.522807428314915,0.105999097880018,10.599909788001801,-0.5742753623188406,0.5064102564102564,-1.5962533842968625,830132,0.18753389717822977,0.5910873479242532,4,2,0,0,0,Low_Grant,0.0,0,0,0,1,3.9421813403416555,0,1,0,4760.0,-0.028249651324965153,8.99182561307903,1,-0.0037714285714285714,2.0369511983963786,1,1,2022,136,18496,0,4.889841046671998,1.2177674483508407,1
2022-05-31,27600,227100,0.1215323645970938,31425,5688.0,120.8,165.84,1500.0,3.4876641077407484,0.1215323645970938,12.15323645970938,0.1744680851063829,0.295774647887324,0.7487434474252235,857732,0.17162418632171036,0.5850639574743979,5,2,0,0,0,Low_Grant,0.0,0,0,0,1,4.9605781865965834,0,1,0,4708.609271523179,-0.010796371528743909,9.025270758122739,1,-0.0026171428571428595,2.292134970292145,1,1,2022,137,18769,0,4.713537524130676,1.257658991852042,1
2022-06-30,38300,244200,0.1568386568386568,31992,5664.0,121.8,183.82,0.0,5.605727482453675,0.1568386568386568,15.68386568386568,0.3876811594202898,0.25986842105263164,0.2132130743139069,896032,0.16832844569437144,0.5915954425152862,6,2,0,0,0,No_Grant,-1500.0,0,1,1,0,0.0,0,0,1,4650.246305418719,-0.012394947794336697,9.433962264150942,1,0.0025199999999999945,3.4278290838282564,1,1,2022,138,19044,0,4.538733006169779,0.9934502731996632,1
2022-07-31,23000,215600,0.1066790352504638,32867,5668.3333,122.5,189.42,0.0,4.25274620183356,0.1066790352504638,10.667903525046379,-0.39947780678851175,0.16161616161616155,-0.7871589662088015,919032,0.16409564600585513,0.5740522218081247,7,3,0,0,0,No_Grant,0.0,0,0,0,1,1.0183968462549278,0,0,1,4627.210857142857,-0.004953597457627135,10.062893081761004,1,0.004119999999999992,3.781549163683775,1,1,2022,139,19321,0,4.44871259734266,1.0028204058291719,1
2022-08-31,23600,172300,0.1369704004643064,33752,5672.6667,123.1,175.17,0.0,3.389306435875441,0.1369704004643064,13.697040046430638,0.026086956521739202,0.3184357541899441,0.42556476331025095,942632,0.1742661920459664,0.5740585914034398,8,3,0,0,0,No_Grant,0.0,0,0,0,1,2.0367936925098555,0,0,1,4608.177660438668,-0.00411331951186289,9.812667261373775,1,4.857142857141866e-05,2.881457889051428,1,1,2022,140,19600,0,4.415926706720891,1.1113028709433208,1
2022-09-30,54700,329500,0.1660091047040971,34608,5677.0,123.8,166.5,0.0,2.8172322992180443,0.1660091047040971,16.600910470409712,1.3177966101694913,0.14675052410901457,1.2917096536477521,997332,0.14534887045394543,0.6726843812465995,9,3,0,1,1,No_Grant,0.0,0,0,0,1,3.0223390275952693,0,0,1,4585.62197092084,-0.004894709184385171,10.142348754448394,1,-0.0024285714285714327,2.3338234082751166,1,1,2022,141,19881,0,3.4864283123090143,0.9948862738425426,1
2022-10-31,34200,237600,0.1439393939393939,35546,5713.0,126.2,163.61,0.0,2.4426067913004226,0.1439393939393939,14.39393939393939,-0.3747714808043876,0.11038961038961048,-1.692568090973879,1031532,0.14364272154694108,0.633174765665995,10,4,0,0,0,No_Grant,0.0,0,0,0,1,4.040735873850197,0,0,1,4526.941362916006,-0.012796651877749476,11.09154929577465,1,-0.0032542857142857165,2.1512785813496804,1,1,2022,142,20164,0,2.8830485087979683,1.134219934388882,1
2022-11-30,49500,246400,0.2008928571428571,36454,5749.0,126.7,163.61,0.0,2.000441443253091,0.2008928571428571,20.089285714285708,0.44736842105263164,0.24060150375939848,0.8221399018570192,1081032,0.15630221118011492,0.6416983212253063,11,4,0,0,0,No_Grant,0.0,0,0,0,1,5.026281208935611,0,0,1,4537.4901341752175,0.0023302204321939968,10.65502183406113,1,-0.0032542857142857165,2.1512785813496804,1,1,2022,143,20449,0,2.4200935112571855,1.3270691076695431,1
2022-12-31,74600,230800,0.3232235701906412,37394,5785.0,127.2,155.29,0.0,1.9225378552452408,0.3232235701906412,32.32235701906412,0.507070707070707,0.42095238095238097,0.05970228601807537,1155632,0.17224231396232295,0.6492196131315241,12,4,0,0,0,No_Grant,0.0,0,0,0,1,6.044678055190539,0,0,1,4547.955974842767,0.002306526374288742,10.512597741094698,1,-0.005631428571428579,1.6257516055643368,1,1,2022,144,20736,0,2.121862029932917,0.893858049865872,1
2023-01-31,30000,234100,0.1281503630926954,38333,5765.6667,126.4,149.21,0.0,3.013424047863607,0.1281503630926954,12.815036309269539,-0.5978552278820375,0.1278195488721805,-1.1049259349527445,1185632,0.16353215608326427,0.6927482278947455,1,1,0,0,0,No_Grant,0.0,0,0,0,1,7.063074901445466,0,0,1,4561.445174050633,0.002965991597649875,10.008703220191473,1,-0.007368571428571433,1.241712661721203,1,1,2023,145,21025,0,2.312134448787312,0.5803924881892226,1
2023-02-28,28200,177200,0.1591422121896162,39181,5746.3333,127.9,147.93,0.0,2.232766304864928,0.1591422121896162,15.914221218961618,-0.06000000000000005,0.03296703296703307,0.5378552278820374,1213832,0.1563391736271239,0.6984592410701917,2,1,0,0,0,No_Grant,0.0,0,0,0,1,7.982917214191852,0,0,1,4492.832916340891,-0.015041780640062674,10.449050086355793,1,-0.007734285714285714,1.1608623577542274,1,1,2023,146,21316,0,2.389576069324591,0.4399161716104972,1
2023-03-31,62600,391700,0.1598161858565228,40120,5727.0,128.9,146.73,0.0,2.192685328339998,0.1598161858565228,15.98161858565228,1.2198581560283688,0.13405797101449268,1.2798581560283688,1276432,0.17282918479798615,0.6677667825625283,3,1,1,0,1,No_Grant,0.0,0,0,0,1,9.00131406044678,0,0,1,4442.979053529868,-0.011096309108157398,10.076857386848847,1,-0.008077142857142866,1.0850651977851866,1,1,2023,147,21609,0,2.4796252270228436,0.39434935254249387,1
2023-04-30,35600,235400,0.1512319456244689,41383,5750.6667,130.4,145.83,0.0,2.154827701661078,0.1512319456244689,15.12319456244689,-0.4313099041533547,0.5148936170212766,-1.6511680601817234,1312032,0.18474297297844333,0.677660721790355,4,2,0,0,0,No_Grant,0.0,0,0,0,1,9.986859395532194,0,0,1,4410.020475460122,-0.0074181259179156855,8.666666666666668,1,-0.00833428571428571,1.0282173278084081,1,1,2023,148,21904,0,2.193426444955334,0.3911318343595342,1
2023-05-31,41100,248200,0.1655922643029814,42702,5774.3333,131.3,144.45,0.0,1.833951971166074,0.1655922643029814,16.55922643029814,0.154494382022472,0.48913043478260865,0.5858042861758267,1353132,0.1830784977214507,0.6650548986125576,5,2,0,0,0,No_Grant,0.0,0,0,0,1,11.005256241787121,0,0,1,4397.816679360243,-0.002767287854509415,8.69205298013247,1,-0.008728571428571433,0.9410505938440109,1,1,2023,149,22201,0,2.060488333722383,0.4176225778960014,1
2023-06-30,49200,280800,0.1752136752136752,43977,5798.0,131.5,143.0,0.0,1.9535281802076423,0.1752136752136752,17.52136752136752,0.197080291970803,0.2845953002610966,0.042585909948331,1402332,0.16719509210066016,0.6417255635490744,6,2,0,0,0,No_Grant,0.0,0,0,0,1,11.990801576872535,0,0,1,4409.125475285171,0.0025714568726800113,7.9638752052545225,1,-0.009142857142857147,0.849462358881422,1,1,2023,150,22500,0,1.980769284344931,0.4133024619321788,1
2023-07-31,38600,247700,0.1558336697618086,45716,5792.6667,130.9,143.23,0.0,2.529651379125339,0.1558336697618086,15.58336697618086,-0.21544715447154472,0.6782608695652175,-0.41252744644234773,1440932,0.18253097979374075,0.5765757691589122,7,3,0,0,0,No_Grant,0.0,0,0,0,1,13.009198423127463,0,0,1,4425.261038961039,0.0036595836898527523,6.857142857142873,1,-0.00907714285714286,0.8639901478754873,1,1,2023,151,22801,0,2.105710510166351,0.24137820534765111,1
2023-08-31,36400,189700,0.1918819188191882,47468,5787.3333,131.3,148.52,0.0,2.352479610967003,0.1918819188191882,19.18819188191882,-0.05699481865284972,0.5423728813559323,0.158452335818695,1477332,0.1756074985291917,0.5763642637962375,8,3,0,0,0,No_Grant,0.0,0,0,0,1,14.027595269382392,0,0,1,4407.717669459253,-0.0039643694117319495,6.661251015434622,1,-0.007565714285714287,1.1981292947390054,1,1,2023,152,23104,0,2.2785530567666608,0.25423599026626215,1
2023-09-30,61600,377500,0.1631788079470198,49163,5782.0,132.0,153.57,0.0,2.340469140276316,0.1631788079470198,16.31788079470198,0.6923076923076923,0.1261425959780622,0.749302510960542,1538932,0.12348342204070843,0.3894641850726696,9,3,0,1,1,No_Grant,0.0,0,0,0,1,15.013140604467806,0,0,1,4380.30303030303,-0.006219690373132747,6.623586429725359,1,-0.006122857142857152,1.5171090096087132,1,1,2023,153,23409,0,2.407533376789552,0.26390394282286506,1
2023-10-31,39200,257900,0.1519968980224893,50673,5793.0,132.0,155.13,0.0,1.861020108889656,0.1519968980224893,15.199689802248932,-0.36363636363636365,0.14619883040935666,-1.0559440559440558,1578132,0.1244113484713771,0.37314314482563354,10,4,0,0,0,No_Grant,0.0,0,0,0,1,16.031537450722734,0,0,1,4388.636363636363,0.0019024558976132866,4.5958795562599075,1,-0.00567714285714286,1.615645317568465,1,0,2023,154,23716,0,2.184656286710991,0.29774800351694436,1
2023-11-30,39400,261300,0.1507845388442403,52127,5804.0,131.7,151.02,0.0,1.5385522316932951,0.1507845388442403,15.07845388442403,0.005102040816326481,-0.20404040404040402,0.3687384044526901,1617532,0.08755581678501834,0.3711938766653888,11,4,0,0,0,No_Grant,0.0,0,0,0,1,17.017082785808146,0,0,1,4406.98557327259,0.004181073143417757,3.946329913180735,0,-0.006851428571428571,1.356040044674505,1,0,2023,155,24025,0,1.9133471602864216,0.37412891845536855,0
2023-12-31,46700,244400,0.1910801963993453,53629,5815.0,132.2,142.84,0.0,1.5906334568698863,0.1910801963993453,19.10801963993453,0.18527918781725883,-0.3739946380697051,0.18017714700093235,1664232,0.06073985684723098,0.3702446514753795,12,4,0,0,0,No_Grant,0.0,0,0,0,1,18.035479632063073,0,0,1,4398.638426626324,-0.0018940716976451055,3.9308176100628867,0,-0.009188571428571428,0.8393560708855502,1,0,2023,156,24336,0,1.6634019324842786,0.4273112185579205,1
2024-01-31,35200,246900,0.1425678412312677,55653,5836.3333,131.5,139.86,0.0,2.1938960880363223,0.1425678412312677,14.25678412312677,-0.24625267665952888,0.17333333333333334,-0.4315318644767877,1699432,0.0900400694491067,0.3747005666833448,1,1,0,0,0,No_Grant,0.0,0,0,0,1,19.053876478318003,0,0,1,4438.276273764259,0.009011390183379264,4.034810126582267,1,-0.01004,0.6511264569624355,1,0,2024,157,24649,0,1.7743605921998338,0.36744191375101354,1
2024-02-29,31800,189300,0.1679873217115689,57563,5857.6667,132.3,142.16,0.0,1.9382877979089208,0.1679873217115689,16.798732171156892,-0.09659090909090906,0.12765957446808507,0.14966176756861982,1731232,0.08699082702486428,0.37700689779296837,2,1,0,0,0,No_Grant,0.0,0,0,0,1,20.006570302233904,0,0,1,4427.563643235071,-0.002413691683078145,3.4401876465989023,0,-0.009382857142857144,0.7964043469030939,1,0,2024,158,24964,0,1.9076057809383757,0.31908211171476086,1
2024-03-31,63500,422600,0.1502602934216753,59604,5879.0,133.0,144.8,0.0,1.852403119333221,0.1502602934216753,15.02602934216753,0.9968553459119496,0.01437699680511173,1.0934462550028585,1794732,0.06840725951516269,0.48821213072446235,3,1,1,0,1,No_Grant,0.0,0,0,0,1,21.02496714848883,0,0,1,4420.300751879699,-0.00164038101777908,3.1807602792862655,0,-0.008628571428571423,0.9631580988349823,1,0,2024,159,25281,0,1.9948623350928207,0.23993515017436565,1
2024-04-30,39200,237600,0.1649831649831649,61251,5896.6667,133.5,148.07,0.0,1.7931949694370466,0.1649831649831649,16.49831649831649,-0.3826771653543307,0.101123595505618,-1.3795325112662802,1833932,0.07245998774841468,0.4917228357575605,4,2,0,0,0,No_Grant,0.0,0,0,0,1,22.010512483574242,0,0,1,4416.978801498127,-0.0007515213484421412,2.3773006134969243,0,-0.007694285714285723,1.1697053597506144,1,0,2024,160,25600,0,1.8612952955597288,0.2397299772721777,1
2024-05-31,43100,252100,0.1709639032130107,62942,5914.3333,133.9,148.81,0.0,1.429272703861361,0.1709639032130107,17.09639032130107,0.09948979591836737,0.048661800486617945,0.4821669612726981,1877032,0.0678762722397393,0.490472692401235,5,2,0,0,0,No_Grant,0.0,0,0,0,1,23.028909329829172,0,0,1,4416.977819268111,-2.2237598606977826e-07,1.980198019801982,0,-0.007482857142857145,1.216446941731523,1,0,2024,161,25921,0,1.6916235975438756,0.2677096282451949,0
2024-06-30,52800,282700,0.1867704280155642,64577,5932.0,134.1,145.76,0.0,1.3177138647167987,0.1867704280155642,18.67704280155642,0.22505800464037118,0.07317073170731714,0.1255682087220038,1929832,0.07020774829553665,0.4922403067874971,6,2,0,0,0,No_Grant,0.0,0,0,0,1,24.014454664914584,0,0,1,4423.564504101418,0.0014912198120113906,1.9771863117870714,0,-0.008354285714285717,1.0237958268102128,1,0,2024,162,26244,0,1.5133938460050682,0.3269505438154906,0
